coef_pvalue,cv_auc
0.043038754207433104,0.6276915876915877
