Basket,Threshold,Horizon,Best Granger p,Logit p-value,Logit CV AUC,Report Dir
SPX,-0.01,5,0.0054733307320674,0.0450321149851723,0.6066415094339623,reports/grid/SPX_th1_h5/SPX
SPX,-0.01,10,0.0014360838648363,0.0430387542074331,0.6276915876915877,reports/grid/SPX_th1_h10/SPX
