coef_pvalue,cv_auc
0.040221081771869914,0.5845836516424752
