coef_pvalue,cv_auc
0.42098497838899196,0.4980063492063492
