coef_pvalue,cv_auc
0.4529205680972549,0.3258130081300813
