coef_pvalue,cv_auc
0.4954824846494673,0.5325077399380805
