coef_pvalue,cv_auc
0.8293600798251941,0.48737373737373735
