coef_pvalue,cv_auc
0.32841408905864533,0.5644399385560676
