coef_pvalue,cv_auc
0.9972878360448211,0.41323775936048907
