coef_pvalue,cv_auc
0.7221768426052915,0.4875130393551446
