coef_pvalue,cv_auc
0.09999465082404006,0.5749663480953021
