coef_pvalue,cv_auc
0.026115744188685227,0.5734075448361162
