coef_pvalue,cv_auc
0.9630071806527227,0.405211687537269
