coef_pvalue,cv_auc
0.34518941022693195,0.4901587301587301
