coef_pvalue,cv_auc
0.6257152253878028,0.6607921511627908
