coef_pvalue,cv_auc
0.1634575479936058,0.5656166056166055
