coef_pvalue,cv_auc
0.8944718160041123,0.34376202974628167
