coef_pvalue,cv_auc
0.4065183068454443,0.4048870948870949
