coef_pvalue,cv_auc
0.5400119690915515,0.4742699724517907
