coef_pvalue,cv_auc
0.5601505386414665,0.474810447005569
