coef_pvalue,cv_auc
0.07721845778534192,0.5836082691255104
