coef_pvalue,cv_auc
0.8578116591132755,0.6128562909958258
