coef_pvalue,cv_auc
0.0500806082041676,0.5925196850393701
