coef_pvalue,cv_auc
0.46712812832088146,0.49523809523809526
