coef_pvalue,cv_auc
0.7051886634634061,0.5836119186046512
