coef_pvalue,cv_auc
0.039933809367553655,0.6221198156682027
