coef_pvalue,cv_auc
0.8380319277445998,0.37022777552033953
