coef_pvalue,cv_auc
0.955879510018011,0.4073345259391771
