coef_pvalue,cv_auc
0.04503211498517232,0.6066415094339623
