coef_pvalue,cv_auc
0.37329555927738345,0.5596605802123594
