coef_pvalue,cv_auc
0.40097552528958613,0.47729352703363104
