coef_pvalue,cv_auc
0.6192969307392724,0.40424458661417323
