coef_pvalue,cv_auc
0.6847559973875845,0.323999343832021
