coef_pvalue,cv_auc
0.9613076977983962,0.39397232397232396
