coef_pvalue,cv_auc
0.8111610631016877,0.3874412698412698
