coef_pvalue,cv_auc
0.6103658241231287,0.47121936045788226
