coef_pvalue,cv_auc
0.4401034500940979,0.32742791772180013
