coef_pvalue,cv_auc
0.507448031982793,0.3957595144356955
