coef_pvalue,cv_auc
0.8267739671820629,0.44567619047619045
