coef_pvalue,cv_auc
0.9460670240414366,0.41411727540035476
