coef_pvalue,cv_auc
0.047030522562448586,0.5824611845888441
