coef_pvalue,cv_auc
0.31665333752616875,0.5469942188988504
