coef_pvalue,cv_auc
0.9975291930216991,0.4220256169072624
