coef_pvalue,cv_auc
0.3005138909802155,0.5706660522273426
