coef_pvalue,cv_auc
0.019960084713942575,0.6772883858267716
