coef_pvalue,cv_auc
0.05198014498048034,0.5940802962561531
