coef_pvalue,cv_auc
0.9406424922750786,0.3823255813953489
