coef_pvalue,cv_auc
0.4499562745480312,0.5059398462837088
