coef_pvalue,cv_auc
0.024483079680195034,0.6409120734908137
