coef_pvalue,cv_auc
0.8934711223189666,0.29276066839009407
