coef_pvalue,cv_auc
0.8484712451785468,0.3331301587301587
