coef_pvalue,cv_auc
0.20663005598178563,0.537930192412951
