coef_pvalue,cv_auc
0.7248440436765663,0.4307306052451684
